{
  "rHNLYDCzuWE": {
    "user_name": "Mingwei Lim",
    "user_url": "https://unsplash.com/@cmzw?utm_source=unsample&utm_medium=referral&utm_campaign=api-credit",
    "photo_url": "https://unsplash.com/photos/rHNLYDCzuWE?utm_source=unsample&utm_medium=referral&utm_campaign=api-credit"
  },
  "PS_-DwoNUJ4": {
    "user_name": "Anima Visual",
    "user_url": "https://unsplash.com/@animavisual?utm_source=unsample&utm_medium=referral&utm_campaign=api-credit",
    "photo_url": "https://unsplash.com/photos/PS_-DwoNUJ4?utm_source=unsample&utm_medium=referral&utm_campaign=api-credit"
  },
  "WOZPZ3bEqho": {
    "user_name": "Tangerine Newt",
    "user_url": "https://unsplash.com/@tangerinenewt?utm_source=unsample&utm_medium=referral&utm_campaign=api-credit",
    "photo_url": "https://unsplash.com/photos/WOZPZ3bEqho?utm_source=unsample&utm_medium=referral&utm_campaign=api-credit"
  },
  "AJ3RE_uMhrM": {
    "user_name": "Egor Myznik",
    "user_url": "https://unsplash.com/@vonshnauzer?utm_source=unsample&utm_medium=referral&utm_campaign=api-credit",
    "photo_url": "https://unsplash.com/photos/AJ3RE_uMhrM?utm_source=unsample&utm_medium=referral&utm_campaign=api-credit"
  },
  "O8vXQjX5iyQ": {
    "user_name": "Alejandro Acosta",
    "user_url": "https://unsplash.com/@aleacosta?utm_source=unsample&utm_medium=referral&utm_campaign=api-credit",
    "photo_url": "https://unsplash.com/photos/O8vXQjX5iyQ?utm_source=unsample&utm_medium=referral&utm_campaign=api-credit"
  },
  "5S6DMMAN6Ug": {
    "user_name": "Dave Goudreau",
    "user_url": "https://unsplash.com/@davegoudreau?utm_source=unsample&utm_medium=referral&utm_campaign=api-credit",
    "photo_url": "https://unsplash.com/photos/5S6DMMAN6Ug?utm_source=unsample&utm_medium=referral&utm_campaign=api-credit"
  },
  "g0t_FV_-LMM": {
    "user_name": "Matej Klíč",
    "user_url": "https://unsplash.com/@matejklic?utm_source=unsample&utm_medium=referral&utm_campaign=api-credit",
    "photo_url": "https://unsplash.com/photos/g0t_FV_-LMM?utm_source=unsample&utm_medium=referral&utm_campaign=api-credit"
  },
  "GkVWxzR6wec": {
    "user_name": "Julian Silverman",
    "user_url": "https://unsplash.com/@juliansilverman?utm_source=unsample&utm_medium=referral&utm_campaign=api-credit",
    "photo_url": "https://unsplash.com/photos/GkVWxzR6wec?utm_source=unsample&utm_medium=referral&utm_campaign=api-credit"
  },
  "DwRfPtiQypA": {
    "user_name": "Josh Hild",
    "user_url": "https://unsplash.com/@joshhild?utm_source=unsample&utm_medium=referral&utm_campaign=api-credit",
    "photo_url": "https://unsplash.com/photos/DwRfPtiQypA?utm_source=unsample&utm_medium=referral&utm_campaign=api-credit"
  },
  "6Ry2-0HZXcw": {
    "user_name": "Filipe Santos",
    "user_url": "https://unsplash.com/@filipesantosphoto?utm_source=unsample&utm_medium=referral&utm_campaign=api-credit",
    "photo_url": "https://unsplash.com/photos/6Ry2-0HZXcw?utm_source=unsample&utm_medium=referral&utm_campaign=api-credit"
  },
  "QI0WlWElQsM": {
    "user_name": "Dima Solomin",
    "user_url": "https://unsplash.com/@solomin_d?utm_source=unsample&utm_medium=referral&utm_campaign=api-credit",
    "photo_url": "https://unsplash.com/photos/QI0WlWElQsM?utm_source=unsample&utm_medium=referral&utm_campaign=api-credit"
  },
  "WEqoRYKKp20": {
    "user_name": "Slashio Photography",
    "user_url": "https://unsplash.com/@slashiophotography?utm_source=unsample&utm_medium=referral&utm_campaign=api-credit",
    "photo_url": "https://unsplash.com/photos/WEqoRYKKp20?utm_source=unsample&utm_medium=referral&utm_campaign=api-credit"
  },
  "zWIWNeEg4Uo": {
    "user_name": "Ethan Rougon",
    "user_url": "https://unsplash.com/@ethanethan?utm_source=unsample&utm_medium=referral&utm_campaign=api-credit",
    "photo_url": "https://unsplash.com/photos/zWIWNeEg4Uo?utm_source=unsample&utm_medium=referral&utm_campaign=api-credit"
  },
  "9hqw9Brz8c0": {
    "user_name": "Olga Solodilova",
    "user_url": "https://unsplash.com/@olyushkaso?utm_source=unsample&utm_medium=referral&utm_campaign=api-credit",
    "photo_url": "https://unsplash.com/photos/9hqw9Brz8c0?utm_source=unsample&utm_medium=referral&utm_campaign=api-credit"
  },
  "nPUBCv7jyI4": {
    "user_name": "Venti Views",
    "user_url": "https://unsplash.com/@ventiviews?utm_source=unsample&utm_medium=referral&utm_campaign=api-credit",
    "photo_url": "https://unsplash.com/photos/nPUBCv7jyI4?utm_source=unsample&utm_medium=referral&utm_campaign=api-credit"
  },
  "GZiECRbAthY": {
    "user_name": "Himiway Bikes",
    "user_url": "https://unsplash.com/@himiwaybikes?utm_source=unsample&utm_medium=referral&utm_campaign=api-credit",
    "photo_url": "https://unsplash.com/photos/GZiECRbAthY?utm_source=unsample&utm_medium=referral&utm_campaign=api-credit"
  },
  "0VOshuq39T0": {
    "user_name": "Martin Woortman",
    "user_url": "https://unsplash.com/@martfoto1?utm_source=unsample&utm_medium=referral&utm_campaign=api-credit",
    "photo_url": "https://unsplash.com/photos/0VOshuq39T0?utm_source=unsample&utm_medium=referral&utm_campaign=api-credit"
  },
  "aFPlzy8ZHP4": {
    "user_name": "Nataliia Rabinovych",
    "user_url": "https://unsplash.com/@phaybin?utm_source=unsample&utm_medium=referral&utm_campaign=api-credit",
    "photo_url": "https://unsplash.com/photos/aFPlzy8ZHP4?utm_source=unsample&utm_medium=referral&utm_campaign=api-credit"
  },
  "aLSr3B6O2EU": {
    "user_name": "Tao Xia",
    "user_url": "https://unsplash.com/@hyattx?utm_source=unsample&utm_medium=referral&utm_campaign=api-credit",
    "photo_url": "https://unsplash.com/photos/aLSr3B6O2EU?utm_source=unsample&utm_medium=referral&utm_campaign=api-credit"
  },
  "41G3Xte5B9s": {
    "user_name": "Erik Mclean",
    "user_url": "https://unsplash.com/@introspectivedsgn?utm_source=unsample&utm_medium=referral&utm_campaign=api-credit",
    "photo_url": "https://unsplash.com/photos/41G3Xte5B9s?utm_source=unsample&utm_medium=referral&utm_campaign=api-credit"
  },
  "zWGJPD5wCAc": {
    "user_name": "Benigno Hoyuela",
    "user_url": "https://unsplash.com/@benignohoyuela?utm_source=unsample&utm_medium=referral&utm_campaign=api-credit",
    "photo_url": "https://unsplash.com/photos/zWGJPD5wCAc?utm_source=unsample&utm_medium=referral&utm_campaign=api-credit"
  },
  "Cd6JWY1MY1M": {
    "user_name": "Gidon Wessner",
    "user_url": "https://unsplash.com/@gidooon?utm_source=unsample&utm_medium=referral&utm_campaign=api-credit",
    "photo_url": "https://unsplash.com/photos/Cd6JWY1MY1M?utm_source=unsample&utm_medium=referral&utm_campaign=api-credit"
  },
  "-BHOEe45PK4": {
    "user_name": "MARIOLA GROBELSKA",
    "user_url": "https://unsplash.com/@mariolagr?utm_source=unsample&utm_medium=referral&utm_campaign=api-credit",
    "photo_url": "https://unsplash.com/photos/-BHOEe45PK4?utm_source=unsample&utm_medium=referral&utm_campaign=api-credit"
  },
  "aErfZjGLPg4": {
    "user_name": "Tomáš Malík",
    "user_url": "https://unsplash.com/@malcoo?utm_source=unsample&utm_medium=referral&utm_campaign=api-credit",
    "photo_url": "https://unsplash.com/photos/aErfZjGLPg4?utm_source=unsample&utm_medium=referral&utm_campaign=api-credit"
  },
  "MZ-BDpo2-c4": {
    "user_name": "Cole Wyland",
    "user_url": "https://unsplash.com/@cole_wyland_24?utm_source=unsample&utm_medium=referral&utm_campaign=api-credit",
    "photo_url": "https://unsplash.com/photos/MZ-BDpo2-c4?utm_source=unsample&utm_medium=referral&utm_campaign=api-credit"
  },
  "f37OfqT8omk": {
    "user_name": "Diogo Brandao",
    "user_url": "https://unsplash.com/@dbrandaof?utm_source=unsample&utm_medium=referral&utm_campaign=api-credit",
    "photo_url": "https://unsplash.com/photos/f37OfqT8omk?utm_source=unsample&utm_medium=referral&utm_campaign=api-credit"
  },
  "XhBxHwYxzKA": {
    "user_name": "Meghan Lamle",
    "user_url": "https://unsplash.com/@mlamle?utm_source=unsample&utm_medium=referral&utm_campaign=api-credit",
    "photo_url": "https://unsplash.com/photos/XhBxHwYxzKA?utm_source=unsample&utm_medium=referral&utm_campaign=api-credit"
  },
  "d2q18c2EX8Q": {
    "user_name": "Lisanto 李奕良",
    "user_url": "https://unsplash.com/@lisanto_?utm_source=unsample&utm_medium=referral&utm_campaign=api-credit",
    "photo_url": "https://unsplash.com/photos/d2q18c2EX8Q?utm_source=unsample&utm_medium=referral&utm_campaign=api-credit"
  },
  "9sDzm4Y5mr8": {
    "user_name": "Tatiana Pavlova",
    "user_url": "https://unsplash.com/@tatiana_p12?utm_source=unsample&utm_medium=referral&utm_campaign=api-credit",
    "photo_url": "https://unsplash.com/photos/9sDzm4Y5mr8?utm_source=unsample&utm_medium=referral&utm_campaign=api-credit"
  },
  "dzu59sIIorY": {
    "user_name": "Andrea Davis",
    "user_url": "https://unsplash.com/@andreaedavis?utm_source=unsample&utm_medium=referral&utm_campaign=api-credit",
    "photo_url": "https://unsplash.com/photos/dzu59sIIorY?utm_source=unsample&utm_medium=referral&utm_campaign=api-credit"
  }
}